Date,Date,OPEN,HIGH,LOW,close,VOLUME,VALUE,No_of_trades,Day_percent,Trend_Analysis
2023-03-06,2023-03-06,1966.7,2135.0,1855.0,1982.9,27180456.0,54932839562.45,1230939,-2.7823401073713616,Negative
2023-03-03,2023-03-03,1688.85,1905.95,1685.5,1879.5,22888891.0,41352917851.6,822488,-5.214584699177971,Bottom Negative
2023-03-02,2023-03-02,1499.9,1646.0,1407.9,1607.25,26970925.0,42196200068.15,924791,-14.4852354349561,Bear Drop
2023-03-01,2023-03-01,1424.0,1580.0,1411.0,1564.3,20114340.0,30400282052.45,758963,-2.6722662933582275,Negative
2023-02-28,2023-02-28,1145.0,1398.0,1103.75,1363.85,33948366.0,44371629472.6,1047492,-12.814038227961388,Bear Drop
2023-02-27,2023-02-27,1300.0,1313.8,1131.05,1193.5,10271008.0,12554940831.15,487401,-12.490376507680455,Bear Drop
2023-02-24,2023-02-24,1410.0,1427.0,1261.6,1315.65,8736727.0,11542501086.15,422968,10.234604105571865,Bull Run
2023-02-23,2023-02-23,1380.0,1438.0,1350.0,1382.65,8907540.0,12417096828.45,427592,5.092539809219776,Top Positive
2023-02-22,2023-02-22,1535.0,1560.0,1381.2,1404.85,10606476.0,15266186108.8,509088,1.6056124109499637,positive
2023-02-21,2023-02-21,1626.0,1644.45,1561.3,1571.1,5571915.0,8907400136.15,281877,11.83400363028082,Bull Run
2023-02-20,2023-02-20,1650.0,1685.0,1560.5,1621.45,6762330.0,10981416978.4,334008,3.204760995480882,Top Positive
2023-02-17,2023-02-17,1800.0,1815.85,1703.2,1722.7,5392513.0,9425015185.7,282372,6.24441086681673,Top Positive
2023-02-16,2023-02-16,1820.0,1874.95,1790.0,1796.6,5578515.0,10145002776.5,298112,4.289777674580586,Top Positive
2023-02-15,2023-02-15,1780.0,1824.4,1750.0,1779.1,7636578.0,13655586649.5,385669,-0.9740621173327413,slight negatif
2023-02-14,2023-02-14,1735.0,1889.0,1611.35,1749.7,14579030.0,25317265469.45,687240,-1.6525209375526928,Negative
2023-02-13,2023-02-13,1850.0,1921.7,1662.25,1717.65,12210940.0,21405744070.1,617527,-1.8317425844430413,Negative
2023-02-10,2023-02-10,1769.0,1990.0,1733.15,1846.95,11334878.0,21438181678.75,539738,7.527726836084181,Bull Run
2023-02-09,2023-02-09,2168.0,2168.0,1731.4,1925.7,18279862.0,36061116390.95,829391,4.263786242183065,Top Positive
2023-02-08,2023-02-08,1869.85,2222.15,1840.85,2164.25,19173006.0,38791512825.6,861666,12.38770317287219,Bull Run
2023-02-07,2023-02-07,1571.0,1962.7,1525.6,1802.95,19188072.0,33856529198.55,809538,-16.694004851565204,Bear Drop
2023-02-06,2023-02-06,1575.0,1615.0,1435.2,1572.7,19308603.0,29732853741.55,911312,-12.770736847943642,Bear Drop
2023-02-03,2023-02-03,1490.0,1679.9,1017.45,1586.8,43885579.0,59461532709.05,1704970,0.8965473389711986,Slight positive
2023-02-02,2023-02-02,2348.85,2348.85,1494.75,1565.25,34474080.0,63007692681.8,1563346,-1.3580791530123482,Negative
2023-02-01,2023-02-01,2995.0,3010.75,1941.2,2135.35,13525314.0,34357172149.05,566482,36.42229675770643,Bull Run
2023-01-31,2023-01-31,2980.0,3073.6,2906.0,2973.9,11568020.0,34528064984.4,497618,39.269908914229525,Bull Run
2023-01-30,2023-01-30,2850.0,3037.55,2665.0,2892.85,20947906.0,60024945536.25,907742,-2.7253774504858996,Negative
2023-01-27,2023-01-27,3335.0,3346.5,2712.0,2761.45,14764368.0,44445979636.2,562994,-4.5422334376134295,Bottom Negative
2023-01-25,2023-01-25,3422.0,3428.0,3315.0,3388.95,3686439.0,12433194761.25,114072,22.723569139401413,Bull Run
2023-01-24,2023-01-24,3447.45,3508.0,3430.0,3442.0,1518123.0,5250832989.65,62403,1.5653816078726512,positive
2023-01-23,2023-01-23,3443.05,3460.0,3412.55,3436.35,974857.0,3348800915.95,45252,-0.16414875072632285,slighht or no change
2023-01-20,2023-01-20,3450.0,3477.35,3440.95,3456.15,1510258.0,5219931466.9,55259,0.5761927626696917,Slight positive
2023-01-19,2023-01-19,3470.0,3537.7,3426.7,3463.55,3696319.0,12819988176.7,153420,0.21411107735487267,slighht or no change
2023-01-18,2023-01-18,3648.0,3648.0,3527.1,3596.7,3652240.0,13112432423.5,123459,3.8443215775721296,Top Positive
2023-01-17,2023-01-17,3620.0,3649.6,3560.2,3639.35,1668381.0,6031849312.75,75220,1.1858092140017318,positive
2023-01-16,2023-01-16,3720.0,3739.95,3600.0,3619.8,1863848.0,6780032266.0,81657,-0.5371838377732252,slight negatif
2023-01-13,2023-01-13,3651.2,3736.05,3642.2,3721.15,1364712.0,5040492790.5,71398,2.7998784463229898,positive
2023-01-12,2023-01-12,3642.5,3679.0,3612.0,3647.2,1199785.0,4372019613.45,61175,-1.9872888757507812,Negative
2023-01-11,2023-01-11,3660.0,3664.5,3560.1,3635.8,2226506.0,8052797086.85,104118,-0.31256854573370463,slighht or no change
2023-01-10,2023-01-10,3859.0,3862.05,3555.0,3646.9,3595798.0,13204175227.25,161278,0.30529732108477425,slighht or no change
2023-01-09,2023-01-09,3843.0,3880.0,3811.25,3855.3,753981.0,2903281089.0,42423,5.714442403136921,Top Positive
2023-01-06,2023-01-06,3829.0,3868.25,3797.05,3824.25,912159.0,3497485465.55,44367,-0.8053847949575976,slight negatif
2023-01-05,2023-01-05,3827.05,3842.4,3756.9,3829.8,997006.0,3802009161.6,49242,0.14512649539126787,slighht or no change
2023-01-04,2023-01-04,3839.0,3874.95,3803.6,3827.05,1028377.0,3942649146.95,47586,-0.07180531620449848,slighht or no change
2023-01-03,2023-01-03,3841.9,3852.85,3791.0,3830.95,799905.0,3064403987.15,38042,0.10190616793612772,slighht or no change
2023-01-02,2023-01-02,3870.0,3874.0,3822.55,3841.2,923051.0,3551733873.75,42124,0.26755765541184306,slighht or no change
2022-12-30,2022-12-30,3829.7,3898.0,3822.05,3858.35,1528747.0,5898558262.2,59598,0.4464750598771161,slighht or no change
2022-12-29,2022-12-29,3790.0,3825.0,3748.1,3810.6,1531692.0,5806124866.15,67660,-1.2375756476213917,Negative
2022-12-28,2022-12-28,3756.05,3825.0,3745.0,3797.7,1377950.0,5215278229.5,58991,-0.3385293654542654,slighht or no change
2022-12-27,2022-12-27,3732.45,3797.9,3695.05,3769.65,1804911.0,6751642941.35,72966,-0.7386049450983423,slight negatif
2022-12-26,2022-12-26,3653.0,3744.9,3620.0,3716.75,2162662.0,8025704748.75,99922,-1.403313304948739,Negative
2022-12-23,2022-12-23,3822.0,3848.0,3616.8,3642.2,3036157.0,11326065203.65,140276,-2.005784623663154,Negative
2022-12-22,2022-12-22,3948.0,3948.0,3817.05,3868.55,2879658.0,11164819496.85,134348,6.21465048597003,Top Positive
2022-12-21,2022-12-21,4175.0,4190.0,3883.25,3901.95,3585883.0,14361940522.35,167340,0.8633725814581661,Slight positive
2022-12-20,2022-12-20,4095.0,4172.0,4066.4,4165.3,3778426.0,15586756140.3,131294,6.749189507810205,Top Positive
2022-12-19,2022-12-19,3988.0,4104.0,3971.45,4075.3,1643404.0,6623967217.3,53127,-2.160708712457682,Negative
2022-12-16,2022-12-16,4018.9,4047.9,3944.05,3980.8,1598960.0,6383785498.65,55399,-2.3188476921944368,Negative
2022-12-15,2022-12-15,4055.8,4073.05,4025.0,4043.75,866138.0,3509530717.8,37452,1.5813404340836001,positive
2022-12-14,2022-12-14,4076.0,4092.05,4040.0,4055.8,1114492.0,4533211917.7,42940,0.2979907264296866,slighht or no change
2022-12-13,2022-12-13,4027.8,4072.0,4011.6,4060.2,1215308.0,4919535387.65,47587,0.10848661176585672,slighht or no change
2022-12-12,2022-12-12,3997.0,4031.9,3968.75,4016.7,802499.0,3216945985.15,38510,-1.071375794295848,Negative
2022-12-09,2022-12-09,4044.0,4094.0,3941.5,3996.8,2129800.0,8562377224.6,79946,-0.4954315731819592,slighht or no change
2022-12-08,2022-12-08,4010.0,4045.0,4003.35,4025.0,895075.0,3604675253.3,43843,0.7055644515612469,Slight positive
2022-12-07,2022-12-07,4031.0,4057.9,3984.55,3999.3,1257261.0,5050318788.85,63713,-0.6385093167701861,slight negatif
2022-12-06,2022-12-06,3920.0,4057.0,3909.0,4031.8,2962621.0,11889317095.9,121859,0.8126422123871713,Slight positive
2022-12-05,2022-12-05,3928.9,3939.0,3810.05,3930.4,2392866.0,9271672967.5,88778,-2.5150057046480545,Negative
2022-12-02,2022-12-02,3905.0,3963.8,3885.0,3922.5,1297832.0,5091101029.1,53440,-0.20099735395888718,slighht or no change
2022-12-01,2022-12-01,3937.5,3944.95,3902.45,3915.1,945838.0,3709090833.5,35157,-0.1886551943913295,slighht or no change
2022-11-30,2022-11-30,3897.8,3939.9,3867.0,3917.9,1968428.0,7684764468.7,62047,0.07151796888968942,slighht or no change
2022-11-29,2022-11-29,3885.0,3915.0,3864.05,3878.4,1513444.0,5885765382.25,46398,-1.0081931647055842,Negative
2022-11-28,2022-11-28,3899.4,3925.0,3871.4,3886.15,1119166.0,4365587663.05,42474,0.199824669966997,slighht or no change
2022-11-25,2022-11-25,3929.0,3949.9,3845.3,3901.1,2506346.0,9762203482.25,91106,0.3846995097976036,slighht or no change
2022-11-24,2022-11-24,3910.0,3935.0,3821.0,3921.1,2797181.0,10861610719.95,111478,0.5126759119222779,Slight positive
2022-11-23,2022-11-23,4050.0,4061.85,3873.0,3903.3,2861156.0,11308339333.55,119633,-0.4539542475325731,slighht or no change
2022-11-22,2022-11-22,4001.85,4056.0,3988.0,4034.0,1705043.0,6874117536.9,61621,3.3484487484948477,Top Positive
2022-11-21,2022-11-21,4019.95,4019.95,3921.95,4001.85,1492003.0,5936490081.0,63301,-0.7969757064947958,slight negatif
2022-11-18,2022-11-18,4028.35,4043.0,3984.0,4019.8,1440776.0,5782483471.35,61375,0.4485425490710515,slighht or no change
2022-11-17,2022-11-17,3970.0,4033.0,3900.0,4018.15,2266112.0,9011290877.1,100741,-0.04104681824966816,slighht or no change
2022-11-16,2022-11-16,4057.3,4096.0,3863.55,3956.6,3059841.0,12177831127.65,120771,-1.531799459950478,Negative
2022-11-15,2022-11-15,4025.05,4065.0,4022.0,4057.8,1065546.0,4307224038.45,49890,2.5577516049133164,positive
2022-11-14,2022-11-14,3999.0,4078.0,3990.0,4022.55,1803092.0,7276060178.75,76145,-0.868697323672929,slight negatif
2022-11-11,2022-11-11,4040.0,4048.95,3975.15,4008.85,1476875.0,5927750652.85,69136,-0.34057998036072235,slighht or no change
2022-11-10,2022-11-10,3995.0,4030.0,3962.15,3992.25,2313795.0,9249247525.85,94415,-0.4140838395050972,slighht or no change
2022-11-09,2022-11-09,3977.0,4048.0,3943.05,3997.2,3732472.0,14957843234.85,148664,0.12399023107270146,slighht or no change
2022-11-07,2022-11-07,3852.45,4013.7,3820.0,3960.6,5985652.0,23606481228.0,261119,-0.9156409486640649,slight negatif
2022-11-04,2022-11-04,3642.0,3849.8,3566.75,3833.25,6112097.0,22812363213.1,251172,-3.2154219057718536,Bottom Negative
2022-11-03,2022-11-03,3550.0,3614.7,3542.45,3590.4,1275216.0,4575532259.55,56803,-6.335355116415576,Bottom Negative
2022-11-02,2022-11-02,3580.0,3625.15,3526.0,3580.7,2534755.0,9061882642.5,103751,-0.270164884135482,slighht or no change
2022-11-01,2022-11-01,3361.9,3607.45,3352.0,3575.7,4393335.0,15460783482.3,162903,-0.139637501047285,slighht or no change
2022-10-31,2022-10-31,3339.95,3360.0,3326.1,3347.45,575722.0,1924932417.4,30283,-6.383365494868142,Bottom Negative
2022-10-28,2022-10-28,3322.0,3387.95,3297.65,3323.3,1323334.0,4417187164.2,48185,-0.7214446817726872,slight negatif
2022-10-27,2022-10-27,3319.85,3355.0,3297.0,3325.0,1106870.0,3677801050.2,37985,0.0511539734601163,slighht or no change
2022-10-25,2022-10-25,3321.95,3345.0,3294.0,3300.5,879424.0,2913608009.95,35025,-0.736842105263158,slight negatif
2022-10-24,2022-10-24,3325.0,3340.1,3287.4,3309.8,248249.0,823564724.35,9916,0.28177548856234136,slighht or no change
2022-10-21,2022-10-21,3374.9,3382.0,3287.0,3311.9,1120790.0,3738369840.15,41865,0.06344794247385988,slighht or no change
2022-10-20,2022-10-20,3260.0,3365.0,3245.0,3357.1,2211287.0,7316811040.15,66573,1.3647755065068434,positive
2022-10-19,2022-10-19,3300.0,3310.0,3259.65,3277.25,1396513.0,4594301611.9,45073,-2.378541002651091,Negative
2022-10-18,2022-10-18,3249.0,3298.0,3226.1,3284.3,1635079.0,5344752856.6,51032,0.2151193836295695,slighht or no change
2022-10-17,2022-10-17,3211.0,3235.0,3136.1,3212.6,1985298.0,6350425876.5,65568,-2.1831136010717733,Negative
2022-10-14,2022-10-14,3272.0,3305.0,3194.85,3209.5,1344415.0,4359688647.25,50469,-0.09649505073772158,slighht or no change
2022-10-13,2022-10-13,3218.0,3262.8,3189.0,3233.65,1840193.0,5937308018.25,67694,0.7524536532170112,Slight positive
2022-10-12,2022-10-12,3297.0,3297.0,3145.0,3223.65,2972601.0,9535297729.45,123910,-0.309248063334,slighht or no change
2022-10-11,2022-10-11,3257.55,3338.0,3249.0,3273.95,2544394.0,8395552194.5,98321,1.5603430893552206,positive
2022-10-10,2022-10-10,3234.0,3278.75,3214.35,3246.25,1590792.0,5170607524.1,64438,-0.8460727866949624,slight negatif
2022-10-07,2022-10-07,3280.0,3310.95,3228.15,3277.6,1930275.0,6311383917.9,65403,0.9657296881016464,Slight positive
2022-10-06,2022-10-06,3270.0,3318.8,3208.05,3285.0,2845165.0,9303269962.7,106184,0.2257749572858181,slighht or no change
2022-10-04,2022-10-04,3230.0,3291.2,3125.0,3237.7,5642467.0,18224362149.0,206194,-1.4398782343987837,Negative
2022-10-03,2022-10-03,3440.0,3460.05,3110.2,3157.3,7578847.0,24552075642.15,242309,-2.483244278345731,Negative
2022-09-30,2022-09-30,3447.95,3523.8,3371.1,3455.75,4307707.0,14894516056.65,143905,9.452696924587457,Bull Run
2022-09-29,2022-09-29,3583.5,3664.75,3443.6,3470.7,15060223.0,52639273202.7,154930,0.4326123128119752,slighht or no change
2022-09-28,2022-09-28,3528.0,3596.95,3503.0,3548.75,2259832.0,8034173599.8,76568,2.248825885268113,positive
2022-09-27,2022-09-27,3596.0,3629.55,3485.85,3559.1,3546332.0,12611349785.05,121229,0.29165199013736487,slighht or no change
2022-09-26,2022-09-26,3646.3,3658.0,3532.0,3586.2,3123908.0,11242145957.85,122902,0.7614284510129021,Slight positive
2022-09-23,2022-09-23,3732.0,3737.9,3655.0,3674.3,3001474.0,11096130275.6,104208,2.456639339691047,positive
2022-09-22,2022-09-22,3639.0,3735.95,3608.05,3716.3,3490772.0,12874501724.5,134542,1.1430748714040817,positive
2022-09-21,2022-09-21,3837.65,3862.8,3571.25,3640.1,6089846.0,22449331472.25,227558,-2.0504264994752885,Negative
2022-09-20,2022-09-20,3819.0,3885.0,3812.0,3834.55,3338704.0,12840324171.3,116980,5.341886211917268,Top Positive
2022-09-19,2022-09-19,3718.95,3801.95,3680.75,3778.65,3092486.0,11635650085.65,120209,-1.4577981771003112,Negative
2022-09-16,2022-09-16,3755.0,3866.95,3614.6,3702.2,5687429.0,21276990931.55,210607,-2.0232093472536516,Negative
2022-09-15,2022-09-15,3590.0,3767.95,3575.0,3748.7,4716688.0,17347788162.15,155826,1.2560099400356517,positive
2022-09-14,2022-09-14,3518.0,3608.0,3511.0,3572.1,2740337.0,9801841663.35,94965,-4.710966468375699,Bottom Negative
2022-09-13,2022-09-13,3478.0,3568.9,3421.3,3555.8,3479669.0,12191958176.45,122343,-0.45631421292796626,slighht or no change
2022-09-12,2022-09-12,3465.0,3495.5,3457.9,3463.8,1647756.0,5720891708.6,43847,-2.587322121604141,Negative
2022-09-09,2022-09-09,3479.0,3507.95,3415.15,3451.2,1614634.0,5598014814.0,66777,-0.36376234193661316,slighht or no change
2022-09-08,2022-09-08,3499.0,3501.5,3450.0,3462.8,1560414.0,5414671913.95,52110,0.3361149745016334,slighht or no change
2022-09-07,2022-09-07,3435.8,3487.95,3406.1,3473.75,2188110.0,7566793592.8,86977,0.31621808940740515,slighht or no change
2022-09-06,2022-09-06,3370.0,3447.6,3355.0,3435.8,2580772.0,8805133603.5,108547,-1.0924793091039886,Negative
2022-09-05,2022-09-05,3374.1,3431.8,3313.0,3346.55,3686950.0,12436190880.55,146740,-2.597648291518717,Negative
2022-09-02,2022-09-02,3261.0,3369.4,3225.0,3355.8,4835905.0,16021396031.4,183660,0.27640405791038436,slighht or no change
2022-09-01,2022-09-01,3200.0,3245.0,3184.4,3233.25,1880363.0,6047942599.8,69275,-3.651886286429473,Bottom Negative
2022-08-30,2022-08-30,3165.0,3263.1,3161.0,3194.35,4392183.0,14103846958.9,119357,-1.2031237918503135,Negative
2022-08-29,2022-08-29,3055.0,3166.45,3037.85,3142.6,1924984.0,6013728390.8,78701,-1.6200478970682664,Negative
2022-08-26,2022-08-26,3080.0,3172.95,3078.0,3139.55,2897602.0,9086254287.85,100125,-0.09705339527779078,slighht or no change
2022-08-25,2022-08-25,3167.0,3177.8,3055.7,3066.35,3119494.0,9693405537.5,113931,-2.331544329601387,Negative
2022-08-24,2022-08-24,3038.0,3153.0,2986.0,3134.65,3475387.0,10630611855.05,132308,2.2274039167087922,positive
2022-08-23,2022-08-23,3032.65,3074.0,2927.4,3030.65,4169136.0,12555158038.7,157211,-3.317754773260173,Bottom Negative
2022-08-22,2022-08-22,3134.0,3191.8,3029.2,3051.6,3473580.0,10832426018.05,139398,0.691270849487724,Slight positive
2022-08-19,2022-08-19,3178.0,3258.9,3075.25,3130.2,6109949.0,19391951234.55,229717,2.5756979944946856,positive
2022-08-18,2022-08-18,3005.0,3186.0,3004.0,3153.65,3502295.0,10904277145.15,122950,0.7491534087278762,Slight positive
2022-08-17,2022-08-17,2986.0,3028.55,2980.0,3008.65,1510171.0,4541107649.45,57147,-4.597846939260853,Bottom Negative
2022-08-16,2022-08-16,2879.0,2986.0,2871.0,2975.85,1969492.0,5796142915.4,71617,-1.0901899523041991,Negative
2022-08-12,2022-08-12,2840.0,2871.15,2834.05,2864.55,843025.0,2409806514.2,33127,-3.7401078683401257,Bottom Negative
2022-08-11,2022-08-11,2841.0,2848.4,2815.1,2834.05,978616.0,2774170058.5,32142,-1.0647396624251626,Negative
2022-08-10,2022-08-10,2801.75,2834.9,2781.55,2827.2,1304663.0,3668859593.1,44657,-0.24170356909724022,slighht or no change
2022-08-08,2022-08-08,2700.0,2807.65,2695.65,2791.9,1581696.0,4359247692.35,53583,-1.2485851726089292,Negative
2022-08-05,2022-08-05,2760.0,2767.65,2685.0,2698.4,1639981.0,4449493510.25,75799,-3.3489738171137984,Bottom Negative
2022-08-04,2022-08-04,2725.0,2743.9,2684.25,2723.6,1223799.0,3329664551.7,48196,0.9338867477023394,Slight positive
2022-08-03,2022-08-03,2685.0,2717.0,2671.2,2711.4,815831.0,2198246880.85,32287,-0.4479365545601355,slighht or no change
2022-08-02,2022-08-02,2660.0,2697.0,2640.0,2683.65,1096480.0,2934857054.6,40748,-1.0234565169285226,Negative
2022-08-01,2022-08-01,2575.85,2669.4,2569.2,2660.15,1267039.0,3328154727.05,40581,-0.8756730572168525,slight negatif
2022-07-29,2022-07-29,2565.0,2622.0,2560.0,2569.2,1107195.0,2862735936.15,37483,-3.4189801326992897,Bottom Negative
2022-07-28,2022-07-28,2559.9,2565.65,2531.6,2550.4,759442.0,1937453695.55,23183,-0.7317452903627508,slight negatif
2022-07-27,2022-07-27,2560.0,2572.5,2528.0,2548.7,953588.0,2434577477.0,30742,-0.06665621079047224,slighht or no change
2022-07-26,2022-07-26,2555.0,2568.6,2533.0,2559.7,865142.0,2207601853.25,33126,0.4315925766076756,slighht or no change
2022-07-25,2022-07-25,2505.0,2562.15,2500.0,2550.6,1220351.0,3096654644.2,44274,-0.3555104113763252,slighht or no change
2022-07-22,2022-07-22,2505.5,2514.05,2483.1,2499.4,833522.0,2084538222.5,31012,-2.007370814710252,Negative
2022-07-21,2022-07-21,2453.8,2498.95,2451.25,2495.5,1314165.0,3266556411.55,40031,-0.15603744898775584,slighht or no change
2022-07-20,2022-07-20,2462.0,2472.8,2444.0,2451.1,693601.0,1703930835.15,26569,-1.7792025646163112,Negative
2022-07-19,2022-07-19,2406.95,2459.3,2405.0,2451.3,843301.0,2054853630.75,34038,0.008159601811441597,slighht or no change
2022-07-18,2022-07-18,2424.0,2441.85,2406.05,2423.6,937204.0,2271880279.35,33675,-1.1300126463509308,Negative
2022-07-15,2022-07-15,2414.5,2422.95,2377.0,2405.25,1169788.0,2808640351.0,40288,-0.7571381416075273,slight negatif
2022-07-14,2022-07-14,2365.0,2404.0,2336.5,2383.1,933554.0,2209679065.35,34681,-0.9209021931192218,slight negatif
2022-07-13,2022-07-13,2373.5,2384.65,2333.7,2353.5,982185.0,2315099896.65,37511,-1.242079644160965,Negative
2022-07-12,2022-07-12,2364.4,2389.8,2350.15,2365.65,1273008.0,3021186811.65,47448,0.5162523900573701,Slight positive
2022-07-11,2022-07-11,2293.05,2384.6,2291.05,2373.25,1967308.0,4614560223.55,65448,0.32126476866822795,slighht or no change
2022-07-08,2022-07-08,2286.0,2303.6,2263.9,2293.05,898576.0,2053314172.35,23635,-3.3793321394711806,Bottom Negative
2022-07-07,2022-07-07,2280.0,2294.95,2256.0,2274.3,946131.0,2151249937.0,28623,-0.8176882318309708,slight negatif
2022-07-06,2022-07-06,2245.0,2277.0,2236.5,2272.85,1045463.0,2365127362.85,25604,-0.06375588093040507,slighht or no change
2022-07-05,2022-07-05,2264.0,2290.7,2238.0,2246.45,1356776.0,3073660435.95,39354,-1.1615372769870458,Negative
2022-07-04,2022-07-04,2232.2,2277.0,2228.35,2261.85,1581159.0,3569117233.1,45778,0.6855260522157236,Slight positive
2022-07-01,2022-07-01,2189.9,2242.0,2138.25,2232.2,2141743.0,4695581540.6,47117,-1.310873842208815,Negative
2022-06-30,2022-06-30,2220.0,2248.5,2180.5,2190.9,1568415.0,3472539125.6,46645,-1.850192635068526,Negative
2022-06-29,2022-06-29,2185.0,2247.8,2177.2,2220.1,1692493.0,3748016616.5,52274,1.3327856132183014,positive
2022-06-28,2022-06-28,2170.0,2210.25,2160.0,2204.6,1282047.0,2802744750.95,37963,-0.6981667492455323,slight negatif
2022-06-27,2022-06-27,2189.0,2211.0,2169.35,2181.6,1202504.0,2631570083.3,37716,-1.0432731561280995,Negative
2022-06-24,2022-06-24,2121.0,2168.0,2108.6,2161.45,1156536.0,2474171038.2,33693,-0.9236340300696755,slight negatif
2022-06-23,2022-06-23,2105.0,2128.0,2080.0,2110.35,1026783.0,2162360064.4,36051,-2.3641536931226725,Negative
2022-06-22,2022-06-22,2149.95,2149.95,2077.1,2089.2,1774137.0,3728636003.95,64117,-1.0022034259720036,Negative
2022-06-21,2022-06-21,2100.0,2177.0,2091.65,2161.8,1331500.0,2843992227.75,44749,3.4750143595634775,Top Positive
2022-06-20,2022-06-20,2107.3,2123.3,2025.0,2079.85,2603594.0,5361032432.6,69448,-3.790822462762522,Bottom Negative
2022-06-17,2022-06-17,2062.0,2137.4,2060.15,2095.8,2280135.0,4791850335.35,68806,0.7668822270836984,Slight positive
2022-06-16,2022-06-16,2205.0,2217.3,2076.05,2083.0,2131789.0,4552548349.55,61940,-0.6107453001240715,slight negatif
2022-06-15,2022-06-15,2218.4,2219.7,2174.2,2184.6,1313510.0,2880874633.15,46859,4.877580412866056,Top Positive
2022-06-14,2022-06-14,2274.0,2274.0,2053.1,2196.45,6515102.0,14084560292.5,184436,0.5424333974182849,Slight positive
2022-06-13,2022-06-13,2172.5,2172.5,2066.75,2079.75,1764172.0,3738801994.35,55355,-5.313118896401003,Bottom Negative
2022-06-10,2022-06-10,2190.0,2215.0,2171.0,2203.1,1305761.0,2862967553.25,38908,5.93100132227431,Top Positive
2022-06-09,2022-06-09,2160.3,2224.0,2155.0,2219.2,1440385.0,3153776345.0,33651,0.7307884344786908,Slight positive
2022-06-08,2022-06-08,2244.95,2244.95,2158.55,2177.2,1530739.0,3370907212.1,49879,-1.8925739005046904,Negative
2022-06-07,2022-06-07,2210.0,2254.7,2207.05,2227.55,2046676.0,4561866190.65,57351,2.3126033437442794,positive
2022-06-06,2022-06-06,2188.5,2230.0,2168.2,2225.05,1664487.0,3674847417.1,44623,-0.11223092635406218,slighht or no change
2022-06-03,2022-06-03,2235.0,2242.25,2176.05,2190.0,1651685.0,3651155580.65,37453,-1.57524550010113,Negative
2022-06-02,2022-06-02,2155.0,2218.0,2142.3,2209.4,1855167.0,4052146726.6,48420,0.8858447488584442,Slight positive
2022-06-01,2022-06-01,2169.95,2189.3,2126.0,2150.9,1448212.0,3130869748.7,41408,-2.647777677197427,Negative
2022-05-31,2022-05-31,2160.0,2225.8,2150.4,2167.55,2861556.0,6269225326.25,65981,0.774094565065786,Slight positive
2022-05-30,2022-05-30,2120.0,2175.0,2102.0,2165.65,1384584.0,2984472296.1,42616,-0.0876565707826904,slighht or no change
2022-05-27,2022-05-27,2080.0,2094.3,2047.7,2080.15,1354005.0,2804716523.9,33847,-3.9480063722208136,Bottom Negative
2022-05-26,2022-05-26,2077.0,2088.0,1906.2,2046.4,4967514.0,9900477944.2,119283,-1.622479148138356,Negative
2022-05-25,2022-05-25,2168.0,2181.45,2066.2,2074.15,1382448.0,2923782591.45,34793,1.3560398749022706,positive
2022-05-24,2022-05-24,2161.0,2178.9,2142.55,2160.2,1008943.0,2182994462.8,26813,4.148687414121444,Top Positive
2022-05-23,2022-05-23,2231.75,2245.0,2155.65,2170.65,1455450.0,3198263803.9,46776,0.4837515044903373,slighht or no change
2022-05-20,2022-05-20,2159.0,2232.4,2151.0,2219.55,1444803.0,3174591293.7,40458,2.252781424918804,positive
2022-05-19,2022-05-19,2145.0,2154.75,2097.6,2114.75,986930.0,2096601623.4,32998,-4.721677817575642,Bottom Negative
2022-05-18,2022-05-18,2199.7,2216.9,2172.0,2181.1,1296983.0,2843360980.1,45269,3.137486700555625,Top Positive
2022-05-17,2022-05-17,2133.05,2192.25,2119.4,2184.85,1061085.0,2283153146.95,37030,0.17193159414974346,slighht or no change
2022-05-16,2022-05-16,2082.65,2141.95,2057.65,2105.9,1742552.0,3673364890.1,61264,-3.6135203789733783,Bottom Negative
2022-05-13,2022-05-13,2084.5,2135.0,2035.3,2054.15,1547617.0,3238885835.6,57091,-2.45738164205328,Negative
2022-05-12,2022-05-12,2103.0,2113.6,2011.05,2045.2,1553685.0,3193595941.8,48422,-0.4357033322785586,slighht or no change
2022-05-11,2022-05-11,2109.6,2157.75,2077.0,2119.3,1397917.0,2959436086.55,47473,3.623117543516541,Top Positive
2022-05-10,2022-05-10,2190.0,2220.0,2097.5,2109.5,1471866.0,3168563128.85,46580,-0.4624168357476588,slighht or no change
2022-05-09,2022-05-09,2229.5,2244.2,2180.0,2197.65,1450886.0,3205990125.15,42562,4.1787153353875395,Top Positive
2022-05-06,2022-05-06,2210.0,2262.0,2200.0,2247.7,1161579.0,2591414766.1,39427,2.2774327122152993,positive
2022-05-05,2022-05-05,2270.0,2303.8,2236.0,2255.4,1636796.0,3714891240.2,45604,0.34257240734973937,slighht or no change
2022-05-04,2022-05-04,2358.7,2362.9,2233.05,2253.8,1744686.0,3992218592.65,64692,-0.07094085306375009,slighht or no change
2022-05-02,2022-05-02,2325.0,2362.3,2311.0,2339.5,1006544.0,2351912270.35,35283,3.802466944715577,Top Positive
2022-04-29,2022-04-29,2389.0,2394.15,2301.5,2332.0,1916180.0,4492475631.65,59115,-0.32058132079504364,slighht or no change
2022-04-28,2022-04-28,2359.85,2389.9,2336.3,2378.55,1679893.0,3977394643.9,54350,1.996140651801026,positive
2022-04-27,2022-04-27,2404.95,2420.95,2325.0,2334.1,2559876.0,6062305737.45,79776,-1.8687856046751272,Negative
2022-04-26,2022-04-26,2297.0,2413.9,2295.1,2395.3,3199358.0,7579861222.7,102957,2.62199563000729,positive
2022-04-25,2022-04-25,2259.95,2295.0,2242.6,2284.2,1683622.0,3823282490.0,46767,-4.638249906066061,Bottom Negative
2022-04-22,2022-04-22,2297.0,2306.0,2265.0,2273.3,1786042.0,4085231753.0,54304,-0.4771911391296624,slighht or no change
2022-04-21,2022-04-21,2216.0,2293.55,2203.9,2286.35,2243636.0,5069859315.25,67163,0.5740553380547908,Slight positive
2022-04-20,2022-04-20,2178.0,2207.95,2161.9,2183.95,1119025.0,2446888140.85,36160,-4.4787543464474,Bottom Negative
2022-04-19,2022-04-19,2245.0,2255.0,2140.1,2168.3,1639219.0,3633248074.5,50660,-0.7165914970580611,slight negatif
2022-04-18,2022-04-18,2179.8,2240.0,2156.75,2233.85,1747434.0,3850262896.9,60523,3.0231056588110317,Top Positive
2022-04-13,2022-04-13,2210.0,2217.15,2173.45,2199.45,992512.0,2182023564.45,32919,-1.5399422521655493,Negative
2022-04-12,2022-04-12,2188.0,2219.0,2155.0,2196.95,2632324.0,5770098811.6,81123,-0.11366477983132395,slighht or no change
2022-04-11,2022-04-11,2181.85,2200.0,2158.5,2180.2,1615715.0,3520693051.45,53060,-0.7624206285987367,slight negatif
2022-04-08,2022-04-08,2115.0,2176.0,2105.25,2170.95,1924054.0,4127426182.3,58553,-0.4242730024768382,slighht or no change
2022-04-07,2022-04-07,2165.95,2214.95,2081.25,2099.05,3499044.0,7517483776.75,104450,-3.3119141389714057,Bottom Negative
2022-04-06,2022-04-06,2153.75,2182.85,2124.2,2160.0,2259018.0,4880749859.65,66425,2.903694528477163,positive
2022-04-05,2022-04-05,2078.0,2189.8,2067.6,2139.85,4970260.0,10615007504.4,141587,-0.9328703703703756,slight negatif
2022-04-04,2022-04-04,2050.0,2075.5,2032.0,2065.85,1334265.0,2748449458.35,38268,-3.458186321471135,Bottom Negative
2022-04-01,2022-04-01,2018.0,2049.0,2013.05,2043.65,1267111.0,2576094904.75,35975,-1.074618195899979,Negative
2022-03-31,2022-03-31,2005.0,2042.0,1991.0,2014.75,2786973.0,5610098915.65,65607,-1.4141364715093085,Negative
2022-03-30,2022-03-30,1927.7,2015.0,1917.3,1995.25,3215951.0,6349490664.4,92339,-0.967862017620047,slight negatif
2022-03-29,2022-03-29,1919.25,1930.9,1885.5,1917.25,1715098.0,3282169537.95,47960,-3.9092845508081675,Bottom Negative
2022-03-28,2022-03-28,1876.9,1924.4,1851.05,1909.7,1895438.0,3581720050.0,54516,-0.3937931933759242,slighht or no change
2022-03-25,2022-03-25,1835.55,1878.0,1822.0,1867.0,1366115.0,2531730175.8,31398,-2.2359532910928404,Negative
2022-03-24,2022-03-24,1815.0,1839.55,1800.15,1832.8,1030145.0,1879097682.45,24187,-1.8318157471880037,Negative
2022-03-23,2022-03-23,1848.05,1848.05,1800.85,1811.0,1553366.0,2833016751.1,29291,-1.189436927106069,Negative
2022-03-22,2022-03-22,1802.95,1837.0,1790.0,1831.55,964066.0,1750153509.3,28508,1.134732192159027,positive
2022-03-21,2022-03-21,1836.05,1841.9,1796.15,1802.95,1081052.0,1959506221.15,28646,-1.5615189320520861,Negative
2022-03-17,2022-03-17,1775.6,1823.6,1760.0,1819.65,2392329.0,4301514950.9,50563,0.9262597409800621,Slight positive
2022-03-16,2022-03-16,1724.0,1764.0,1718.65,1758.0,1269866.0,2223257007.25,38410,-3.3880141785508244,Bottom Negative
2022-03-15,2022-03-15,1740.0,1754.2,1686.65,1701.4,1085901.0,1870960182.15,36494,-3.2195676905574455,Bottom Negative
2022-03-14,2022-03-14,1732.0,1752.45,1722.45,1736.1,659190.0,1143765420.45,24530,2.0394968849182904,positive
2022-03-11,2022-03-11,1750.0,1757.0,1721.2,1734.1,1354129.0,2352845367.05,37195,-0.11520073728471525,slighht or no change
2022-03-10,2022-03-10,1682.0,1749.6,1678.25,1742.85,2294474.0,3954159740.9,57105,0.5045845106971925,Slight positive
2022-03-09,2022-03-09,1609.6,1669.95,1608.0,1656.55,1498176.0,2458980080.35,38209,-4.951659637949335,Bottom Negative
2022-03-08,2022-03-08,1574.9,1607.4,1553.4,1601.6,1396347.0,2213943690.4,38500,-3.31713500950771,Bottom Negative
